collision-id,report-number,report-version,is-preliminary,ncic-code,crash-date-time,crash-time-description,beat,city-id,city-code,city-name,county-code,city-is-active,city-is-incorporated,collision-type-code,collision-type-description,collision-type-other-desc,day-of-week,dispatch-notified,has-photographs,hit-run,is-attachments-mailed,is-deleted,is-highway-related,is-tow-away,judicial-district,motor-vehicle-involved-with-code,motor-vehicle-involved-with-desc,motor-vehicle-involved-with-other-desc,number-injured,number-killed,weather-1,weather-2,road-condition-1,road-condition-2,special-condition-lighting-code,lighting-description,latitude,longitude,milepost-direction,milepost-distance,milepost-marker,milepost-unit-of-measure,pedestrian-action-code,pedestrian-action-desc,prepared-date,primary-collision-factor-code,primary-collision-factor-violation,primary-collision-factor-is-cited,primary-collision-party-number,primary-road,reporting-district,reporting-district-code,reviewed-date,roadway-surface-code,secondary-direction,secondary-distance,secondary-road,secondary-unit-of-measure,sketch-desc,traffic-control-device-code,created-date,modified-date,is-county-road,is-freeway,chp-555-version,is-additonal-object-struck,notification-date,notification-time-description,has-digital-media-files,evidence-number,is-location-refer-to-narrative,is-aoi-one-same-as-location
4677623,9370-2025-01244,1,False,9370,4/23/2025 1:00:00 PM,1300,053,14,109,Oakland,1,True,True,C,REAR END,,Wednesday,NotApplicable,False,,,False,True,False,ALAMEDA SUPERIOR COURT WILEY W. MANUEL COURTHOUSE,C,OTHER MOTOR VEHICLE,,0,0,CLEAR,,NO UNUSUAL CONDITIONS,,A,DAYLIGHT,37.791852,-122.202971,,,,,A,NO PEDESTRIANS INVOLVED,4/23/2025 1:00:00 PM,D,,,,I-580 W/B,,,5/6/2025 8:27:45 PM,A,E,130.0,35TH AVE,F,,D,5/6/2025 8:27:47 PM,5/6/2025 8:27:47 PM,False,True,4,,4/23/2025 1:04:00 PM,1304,False,,,True
4677618,9370-2025-01310,1,False,9370,4/30/2025 5:50:00 PM,1750,904,14,109,Oakland,1,True,True,B,SIDE SWIPE,,Wednesday,NotApplicable,False,,,False,True,False,ALAMEDA SUPERIOR COURT WILEY W. MANUEL COURTHOUSE,C,OTHER MOTOR VEHICLE,,0,0,CLEAR,,NO UNUSUAL CONDITIONS,,Courtesy ReportA,DAYLIGHT,37.82361,-122.318769,,,,,A,NO PEDESTRIANS INVOLVED,4/30/2025 5:50:00 PM,A,VC 21658(A),False,1,I-80 W/B,,,5/6/2025 8:03:24 PM,A,W,1550.0,SAN FRANCISCO-OAKLAND BAY BRIDGE TOLL PLAZA,F,,D,5/6/2025 8:03:28 PM,5/6/2025 8:03:28 PM,False,True,4,,4/30/2025 5:55:00 PM,1755,False,,,True
4677616,9370-2025-01290,1,False,9370,4/29/2025 3:20:00 PM,1520,053,14,109,Oakland,1,True,True,C,REAR END,,Tuesday,NotApplicable,False,,,False,True,False,ALAMEDA SUPERIOR COURT WILEY W. MANUEL COURTHOUSE,C,OTHER MOTOR VEHICLE,,0,0,CLEAR,,NO UNUSUAL CONDITIONS,,A,DAYLIGHT,37.794892,-122.20711,,,,,A,NO PEDESTRIANS INVOLVED,4/29/2025 3:20:00 PM,A,VC 22350,False,1,I-580 E/B,,,5/6/2025 7:44:53 PM,A,W,1000.0,35TH AVE,F,,D,5/6/2025 7:44:55 PM,5/6/2025 7:44:55 PM,False,True,4,,4/29/2025 3:25:00 PM,1525,True,AREA PHOTO FILE,,True
4677335,9370-2025-01256,1,False,9370,4/25/2025 4:15:00 PM,1615,177,14,109,Oakland,1,True,True,B,SIDE SWIPE,,Friday,NotApplicable,False,,,False,True,False,ALAMEDA SUPERIOR COURT WILEY W. MANUEL COURTHOUSE,C,OTHER MOTOR VEHICLE,,0,0,CLEAR,,NO UNUSUAL CONDITIONS,,A,DAYLIGHT,37.792915,-122.263496,,,,,A,NO PEDESTRIANS INVOLVED,4/25/2025 4:15:00 PM,B,UNSAFE MERGE,,1,I-880 S/B,,,5/6/2025 1:41:27 PM,A,S,550.0,OAK ST,F,,D,5/6/2025 1:41:31 PM,5/6/2025 1:41:31 PM,False,True,4,False,4/25/2025 4:20:00 PM,1620,False,,,True
4677134,25-016356,1,False,0109,4/12/2025 6:30:00 PM,1830,22X,14,109,Oakland,1,True,True,D,BROADSIDE,,Saturday,,,,,False,False,False,,C,OTHER MOTOR VEHICLE,,1,0,CLEAR,,NO UNUSUAL CONDITIONS,,A,DAYLIGHT,,,,,,,A,NO PEDESTRIANS INVOLVED,,A,21801A,,1,MACARTHUR BL,2,,,A,,,COOLIDGE AV,,,A,5/6/2025 12:14:19 PM,5/6/2025 12:14:19 PM,,,2,,,,,,,
4677087,9370-2025-01335,1,False,9370,5/2/2025 10:41:00 PM,2241,053,14,109,Oakland,1,True,True,B,SIDE SWIPE,,Friday,NotApplicable,False,M,,False,True,True,ALAMEDA SUPERIOR COURT WILEY W. MANUEL COURTHOUSE,C,OTHER MOTOR VEHICLE,,1,0,CLEAR,,NO UNUSUAL CONDITIONS,,D,DARK-NO STREET LIGHTS,37.785826,-122.194427,,,,,A,NO PEDESTRIANS INVOLVED,5/2/2025 10:41:00 PM,A,VC 21658(A),False,1,I-580 E/B,,,5/6/2025 11:46:00 AM,A,E,549.0,HIGH STREET,F,,D,5/6/2025 11:46:05 AM,5/6/2025 11:46:05 AM,False,True,4,True,5/2/2025 10:46:00 PM,2246,True,EMBEDDED,,True
4677074,9370-2025-01333,1,False,9370,5/2/2025 5:38:00 PM,1738,013,14,109,Oakland,1,True,True,C,REAR END,,Friday,NotApplicable,False,,,False,True,False,ALAMEDA SUPERIOR COURT WILEY W. MANUEL COURTHOUSE,C,OTHER MOTOR VEHICLE,,0,0,CLEAR,,NO UNUSUAL CONDITIONS,,A,DAYLIGHT,37.8427,-122.22559,,,,,A,NO PEDESTRIANS INVOLVED,5/2/2025 5:38:00 PM,A,VC 22350,False,1,SR-13 S/B,,,5/6/2025 11:41:30 AM,A,N,400.0,BROADWAY TER,F,,D,5/6/2025 11:41:33 AM,5/6/2025 11:41:33 AM,False,True,4,,5/2/2025 5:41:00 PM,1741,False,,,True
4677053,25-005999,1,False,0109,1/8/2025 2:30:00 PM,1430,27X,14,109,Oakland,1,True,True,A,HEAD-ON,,Wednesday,,,,,False,False,False,,I,FIXED OBJECT,,0,0,CLEAR,,NO UNUSUAL CONDITIONS,,A,DAYLIGHT,,,,,,,A,NO PEDESTRIANS INVOLVED,,D,,,,INTERNATIONAL BL,2,,,A,,,66TH AV,,,D,5/6/2025 11:29:19 AM,5/6/2025 11:29:19 AM,,,2,,,,,,,
4677051,9370-2025-01328,1,False,9370,5/2/2025 12:00:00 PM,1200,176,14,109,Oakland,1,True,True,C,REAR END,,Friday,NotApplicable,False,,,False,True,True,ALAMEDA SUPERIOR COURT WILEY W. MANUEL COURTHOUSE,C,OTHER MOTOR VEHICLE,,0,0,CLEAR,,NO UNUSUAL CONDITIONS,,A,DAYLIGHT,37.772242,-122.225142,,,,,A,NO PEDESTRIANS INVOLVED,5/2/2025 12:00:00 PM,A,VC 22350,False,1,I-880 S/B,,,5/6/2025 11:28:49 AM,A,N,1975.0,HIGH ST,F,,D,5/6/2025 11:28:50 AM,5/6/2025 11:28:50 AM,False,True,4,,5/2/2025 12:06:00 PM,1206,False,,,True
4677046,25-000131,1,False,0109,1/1/2025 9:25:00 PM,2125,33X,14,109,Oakland,1,True,True,D,BROADSIDE,,Wednesday,,,M,,False,False,False,,C,OTHER MOTOR VEHICLE,,0,0,CLEAR,,NO UNUSUAL CONDITIONS,,B,DUSK-DAWN,,,,,,,A,NO PEDESTRIANS INVOLVED,,A,22450A,,1,92ND AV,2,,,A,,,E ST,,,A,5/6/2025 11:24:19 AM,5/6/2025 11:24:19 AM,,,2,,,,,,,
4677032,9370-2025-01306,1,False,9370,4/30/2025 12:00:00 PM,1200,098,14,109,Oakland,1,True,True,C,REAR END,,Wednesday,Yes,False,,,False,True,False,ALAMEDA SUPERIOR COURT WILEY W. MANUEL COURTHOUSE,C,OTHER MOTOR VEHICLE,,1,0,CLEAR,,NO UNUSUAL CONDITIONS,,A,DAYLIGHT,37.819429,-122.27016,,,,,A,NO PEDESTRIANS INVOLVED,4/30/2025 12:00:00 PM,A,VC 22350,False,1,I-980 W/B,,,5/6/2025 11:17:34 AM,A,E,930.0,27TH ST,F,,D,5/6/2025 11:17:38 AM,5/6/2025 11:17:38 AM,False,True,4,,4/30/2025 12:05:00 PM,1205,False,,,True
4677030,25-015835,1,False,0109,4/9/2025 2:46:00 PM,1446,07X,14,109,Oakland,1,True,True,H,OTHER,,Wednesday,,,M,,False,False,True,,C,OTHER MOTOR VEHICLE,,2,0,CLEAR,,NO UNUSUAL CONDITIONS,,A,DAYLIGHT,,,,,,,A,NO PEDESTRIANS INVOLVED,,A,22450A,,1,ADELINE ST,1,,,A,,,26TH ST,,,D,5/6/2025 11:14:19 AM,5/6/2025 11:14:19 AM,,,2,,,,,,,
4677024,9370-2025-01111,1,False,9370,4/12/2025 10:58:00 PM,2258,901,14,109,Oakland,1,True,True,E,HIT OBJECT,,Saturday,Yes,False,,,False,True,True,ALAMEDA SUPERIOR COURT WILEY W. MANUEL COURTHOUSE,I,FIXED OBJECT,TRI PHASE TRAFFIC SIGNAL,0,0,CLEAR,,NO UNUSUAL CONDITIONS,,C,DARK-STREET LIGHTS,37.764136,-122.197114,,,,,A,NO PEDESTRIANS INVOLVED,4/12/2025 10:58:00 PM,A,VC 23152(a),True,1,62ND AVENUE (6100 BLOCK),,,5/6/2025 11:13:13 AM,A,E,16.0,INTERNATIONAL BOULEVARD,F,,A,5/6/2025 11:13:15 AM,5/6/2025 11:13:15 AM,False,False,4,True,4/12/2025 10:59:00 PM,2259,False,,,True
4677015,25-015808,1,False,0109,4/9/2025 12:44:00 PM,1244,16X,14,109,Oakland,1,True,True,A,HEAD-ON,,Wednesday,,,,,False,False,False,,C,OTHER MOTOR VEHICLE,,1,0,CLEAR,,NO UNUSUAL CONDITIONS,,A,DAYLIGHT,,,,,,,A,NO PEDESTRIANS INVOLVED,,A,21801A,,1,PARK BL,1,,,A,,,BRIGHTON AV,,,D,5/6/2025 11:09:19 AM,5/6/2025 11:09:19 AM,,,2,,,,,,,
4677007,25-015747,1,False,0109,4/9/2025 6:58:00 AM,658,19X,14,109,Oakland,1,True,True,D,BROADSIDE,,Wednesday,,,,,False,False,False,,C,OTHER MOTOR VEHICLE,,1,0,CLEAR,,NO UNUSUAL CONDITIONS,,A,DAYLIGHT,,,,,,,A,NO PEDESTRIANS INVOLVED,,A,21453A,,,5TH AV,1,,,A,,,10TH ST,,,A,5/6/2025 11:04:19 AM,5/6/2025 11:04:19 AM,,,2,,,,,,,
4676995,25-016098,1,False,0109,4/11/2025 7:55:00 AM,755,26X,14,109,Oakland,1,True,True,D,BROADSIDE,,Friday,,,,,False,False,False,,C,OTHER MOTOR VEHICLE,,2,0,CLEAR,,NO UNUSUAL CONDITIONS,,A,DAYLIGHT,,,,,,,A,NO PEDESTRIANS INVOLVED,,A,22350,,1,66TH AV,2,,,A,,,EASTLAWN ST,,,D,5/6/2025 10:59:19 AM,5/6/2025 10:59:19 AM,,,2,,,,,,,
4676977,9370-2025-01296,1,False,9370,4/29/2025 7:50:00 PM,1950,054,14,109,Oakland,1,True,True,E,HIT OBJECT,,Tuesday,NotApplicable,False,,,False,True,False,ALAMEDA SUPERIOR COURT WILEY W. MANUEL COURTHOUSE,I,FIXED OBJECT,CONCRETE CENTER WALL,0,0,CLEAR,,NO UNUSUAL CONDITIONS,,D,DARK-NO STREET LIGHTS,37.80661,-122.23784,,,,,A,NO PEDESTRIANS INVOLVED,4/29/2025 7:50:00 PM,A,VC 21658(a),False,1,I-580 E/B,,,5/6/2025 10:53:30 AM,A,W,1478.0,PARK BLVD,F,,D,5/6/2025 10:53:34 AM,5/6/2025 10:53:34 AM,False,True,4,,4/29/2025 8:01:00 PM,2001,False,,,True
4676968,25-017031,1,False,0109,4/17/2025 9:00:00 AM,900,11X,14,109,Oakland,1,True,True,D,BROADSIDE,,Thursday,,,,,False,False,False,,C,OTHER MOTOR VEHICLE,,1,0,RAINING,,NO UNUSUAL CONDITIONS,,A,DAYLIGHT,,,,,,,A,NO PEDESTRIANS INVOLVED,,A,21802A,,2,56TH ST,1,,,B,,,SHATTUCK AV,,,A,5/6/2025 10:49:19 AM,5/6/2025 10:49:19 AM,,,2,,,,,,,
4676954,25-016192,1,False,0109,4/11/2025 6:45:00 PM,1845,30X,14,109,Oakland,1,True,True,D,BROADSIDE,,Friday,,,,,False,False,True,,A,NON-COLLISION,,1,0,CLEAR,,NO UNUSUAL CONDITIONS,,A,DAYLIGHT,,,,,,,A,NO PEDESTRIANS INVOLVED,,A,22350,,1,INTERNATIONAL BL,2,,,A,,,82ND AV,,,A,5/6/2025 10:44:19 AM,5/6/2025 10:44:19 AM,,,2,,,,,,,
4676953,25-016144,1,False,0109,4/11/2025 12:45:00 PM,1245,30X,14,109,Oakland,1,True,True,D,BROADSIDE,,Friday,,,M,,False,False,False,,C,OTHER MOTOR VEHICLE,,1,0,CLEAR,,NO UNUSUAL CONDITIONS,,A,DAYLIGHT,,,,,,,A,NO PEDESTRIANS INVOLVED,,A,22450A,,1,HOLLY ST,2,,,A,,,78TH AV,,,A,5/6/2025 10:44:19 AM,5/6/2025 10:44:19 AM,,,2,,,,,,,
4676930,25-014925,1,False,0109,4/4/2025 12:03:00 AM,3,08X,14,109,Oakland,1,True,True,B,SIDE SWIPE,,Friday,,,,,False,False,False,,C,OTHER MOTOR VEHICLE,,0,0,CLEAR,,NO UNUSUAL CONDITIONS,,C,DARK-STREET LIGHTS,,,,,,,A,NO PEDESTRIANS INVOLVED,,A,22107,,1,TELEGRAPH AV,1,,,A,,,GRAND AV,,,A,5/6/2025 10:34:19 AM,5/6/2025 10:34:19 AM,,,2,,,,,,,
4676920,25-016142,1,False,0109,4/11/2025 12:40:00 PM,1240,14X,14,109,Oakland,1,True,True,,,,Friday,,,,,False,False,False,,C,OTHER MOTOR VEHICLE,,0,0,CLEAR,,NO UNUSUAL CONDITIONS,,A,DAYLIGHT,,,,,,,A,NO PEDESTRIANS INVOLVED,,A,22106,,1,GRAND AV,1,,,A,,,PERKINS ST,,,A,5/6/2025 10:29:19 AM,5/6/2025 10:29:19 AM,,,2,,,,,,,
4676918,25-016941,1,False,0109,4/16/2025 3:52:00 PM,1552,06X,14,109,Oakland,1,True,True,D,BROADSIDE,,Wednesday,,,,,False,False,False,,C,OTHER MOTOR VEHICLE,,2,0,CLOUDY,,NO UNUSUAL CONDITIONS,,A,DAYLIGHT,,,,,,,A,NO PEDESTRIANS INVOLVED,,A,21460A,,1,MARKET ST,1,,,A,N,137.0,BROCKHURST ST,F,,D,5/6/2025 10:29:19 AM,5/6/2025 10:29:19 AM,,,2,,,,,,,
4676879,9370-2025-01302,1,False,9370,4/29/2025 4:25:00 PM,1625,177,14,109,Oakland,1,True,True,C,REAR END,,Tuesday,NotApplicable,False,,,False,True,False,ALAMEDA SUPERIOR COURT WILEY W. MANUEL COURTHOUSE,C,OTHER MOTOR VEHICLE,,1,0,CLEAR,,NO UNUSUAL CONDITIONS,,A,DAYLIGHT,37.799297,-122.277706,,,,,A,NO PEDESTRIANS INVOLVED,4/29/2025 4:25:00 PM,A,VC 22350,False,1,I-980 W/B,,,5/6/2025 10:11:14 AM,A,E,425.0,WASHINGTON ST,F,,D,5/6/2025 10:11:16 AM,5/6/2025 10:11:16 AM,False,True,4,,4/29/2025 4:30:00 PM,1630,False,,,True
4676855,25-016242,1,False,0109,4/12/2025 10:40:00 PM,2240,34X,14,109,Oakland,1,True,True,C,REAR END,,Saturday,,,M,,False,False,False,,C,OTHER MOTOR VEHICLE,,1,0,CLEAR,,NO UNUSUAL CONDITIONS,,C,DARK-STREET LIGHTS,,,,,,,A,NO PEDESTRIANS INVOLVED,,A,22350,,1,BANCROFT AV,2,,,A,,,82ND AV,,,A,5/6/2025 9:59:19 AM,5/6/2025 9:59:19 AM,,,2,,,,,,,
4676825,25-009985,1,False,0109,3/4/2025 4:10:00 PM,1610,11X,14,109,Oakland,1,True,True,D,BROADSIDE,,Tuesday,,,,,False,False,False,,C,OTHER MOTOR VEHICLE,,1,0,CLEAR,,NO UNUSUAL CONDITIONS,,A,DAYLIGHT,,,,,,,A,NO PEDESTRIANS INVOLVED,,A,21802A,,1,TELEGRAPH AV,1,,,A,,,57TH ST,,,D,5/6/2025 9:49:18 AM,5/6/2025 9:49:18 AM,,,2,,,,,,,
4676822,25-015114,1,False,0109,4/5/2025 1:30:00 AM,130,26Y,14,109,Oakland,1,True,True,B,SIDE SWIPE,,Saturday,,,M,,False,False,False,,E,PARKED MOTOR VEHICLE,,0,0,CLEAR,,NO UNUSUAL CONDITIONS,,C,DARK-STREET LIGHTS,,,,,,,A,NO PEDESTRIANS INVOLVED,,A,22107,,1,80TH AV,2,,,A,N,290.0,RUDSDAVE AV,F,,D,5/6/2025 9:49:18 AM,5/6/2025 9:49:18 AM,,,2,,,,,,,
4676810,25-016527,1,False,0109,4/13/2025 1:10:00 AM,110,30X,14,109,Oakland,1,True,True,B,SIDE SWIPE,,Sunday,,,,,False,False,False,,C,OTHER MOTOR VEHICLE,,0,0,CLEAR,,NO UNUSUAL CONDITIONS,,C,DARK-STREET LIGHTS,,,,,,,A,NO PEDESTRIANS INVOLVED,,A,22107,,1,78TH AV,2,,,A,,,PLYMOUTH ST,,,D,5/6/2025 9:44:18 AM,5/6/2025 9:44:18 AM,,,2,,,,,,,
4676809,25-012910,1,False,0109,3/22/2025 10:00:00 PM,2200,08X,14,109,Oakland,1,True,True,D,BROADSIDE,,Saturday,,,F,,False,False,False,,G,BICYCLE,,1,0,CLEAR,,NO UNUSUAL CONDITIONS,,C,DARK-STREET LIGHTS,,,,,,,A,NO PEDESTRIANS INVOLVED,,A,21453C,,1,TELEGRAPH AV,1,,,A,,,W MACARTHUR BL,,,A,5/6/2025 9:44:18 AM,5/6/2025 9:44:18 AM,,,2,,,,,,,
4676798,25-012922,1,False,0109,3/23/2025 10:34:00 PM,2234,35X,14,109,Oakland,1,True,True,A,HEAD-ON,,Sunday,,,,,False,False,True,,I,FIXED OBJECT,,1,0,CLEAR,,NO UNUSUAL CONDITIONS,,C,DARK-STREET LIGHTS,,,,,,,A,NO PEDESTRIANS INVOLVED,,C,,,,98TH AV,2,,,A,S,200.0,LAWLOR ST,F,,D,5/6/2025 9:39:18 AM,5/6/2025 9:39:18 AM,,,2,,,,,,,
4676717,9370-2025-01295,1,False,9370,4/29/2025 3:03:00 PM,1503,176,14,109,Oakland,1,True,True,B,SIDE SWIPE,,Tuesday,NotApplicable,False,,,False,True,False,ALAMEDA SUPERIOR COURT WILEY W. MANUEL COURTHOUSE,C,OTHER MOTOR VEHICLE,,1,0,CLEAR,,NO UNUSUAL CONDITIONS,,A,DAYLIGHT,37.773508,-122.228458,,,,,A,NO PEDESTRIANS INVOLVED,4/29/2025 3:03:00 PM,A,VC 21658(A),False,1,INTERSTATE 880 NORTHBOUND,,,5/6/2025 9:11:16 AM,A,S,1488.0,29TH AVE,F,,D,5/6/2025 9:11:18 AM,5/6/2025 9:11:18 AM,False,True,4,,4/29/2025 3:25:00 PM,1525,False,,,True
4676655,9370-2025-01297,1,False,9370,4/29/2025 3:00:00 PM,1500,177,14,109,Oakland,1,True,True,B,SIDE SWIPE,,Tuesday,NotApplicable,False,M,,False,True,False,ALAMEDA SUPERIOR COURT WILEY W. MANUEL COURTHOUSE,C,OTHER MOTOR VEHICLE,,0,0,CLEAR,,NO UNUSUAL CONDITIONS,,A,DAYLIGHT,37.797119,-122.271546,,,,,A,NO PEDESTRIANS INVOLVED,4/29/2025 3:00:00 PM,A,VC 21658(A),False,1,I-880 S/B,,,5/6/2025 8:47:18 AM,A,S,815.0,JACKSON STREET,F,,D,5/6/2025 8:47:19 AM,5/6/2025 8:47:19 AM,False,True,4,,4/29/2025 3:07:00 PM,1507,False,,,True
4676424,9370-2025-01284,1,False,9370,4/28/2025 3:30:00 PM,1530,054,14,109,Oakland,1,True,True,B,SIDE SWIPE,,Monday,NotApplicable,False,M,,False,True,False,ALAMEDA SUPERIOR COURT WILEY W. MANUEL COURTHOUSE,C,OTHER MOTOR VEHICLE,,0,0,CLEAR,,NO UNUSUAL CONDITIONS,,A,DAYLIGHT,37.810733,-122.24936,,,,,A,NO PEDESTRIANS INVOLVED,4/28/2025 3:30:00 PM,A,VC 21658(a),False,1,I-580 E/B,,,5/6/2025 7:01:24 AM,A,E,100.0,GRAND AVE,F,,D,5/6/2025 7:01:25 AM,5/6/2025 7:01:25 AM,False,True,4,,4/28/2025 3:35:00 PM,1535,False,,,True
4675916,9370-2025-01152,1,False,9370,4/14/2025 10:37:00 PM,2237,176,14,109,Oakland,1,True,True,E,HIT OBJECT,,Monday,NotApplicable,False,,,False,True,True,ALAMEDA SUPERIOR COURT WILEY W. MANUEL COURTHOUSE,I,FIXED OBJECT,METAL GUARD RAIL,0,0,CLEAR,,NO UNUSUAL CONDITIONS,,C,DARK-STREET LIGHTS,37.774104,-122.231065,,,,,A,NO PEDESTRIANS INVOLVED,4/14/2025 10:37:00 PM,A,VC 22107,False,1,I-880 S/B,,,5/5/2025 5:58:01 PM,A,N,915.0,FRUITVALE AVENUE,F,,D,5/5/2025 5:58:03 PM,5/5/2025 5:58:03 PM,False,True,4,,4/14/2025 10:39:00 PM,2239,False,,,True
4675907,9370-2025-01285,1,False,9370,4/28/2025 2:45:00 PM,1445,013,14,109,Oakland,1,True,True,C,REAR END,,Monday,NotApplicable,False,,,False,True,False,ALAMEDA SUPERIOR COURT WILEY W. MANUEL COURTHOUSE,C,OTHER MOTOR VEHICLE,,0,0,CLEAR,,NO UNUSUAL CONDITIONS,,A,DAYLIGHT,37.782678,-122.177138,,,,,A,NO PEDESTRIANS INVOLVED,4/28/2025 2:45:00 PM,A,VC 22350,False,1,SR-13 S/B,,,5/5/2025 5:33:38 PM,A,S,796.0,CALAVERAS AVE,F,,D,5/5/2025 5:33:41 PM,5/5/2025 5:33:41 PM,False,True,4,,4/28/2025 2:54:00 PM,1454,False,,,True
4675887,9370-2025-01271,1,False,9370,4/27/2025 2:50:00 AM,250,177,14,109,Oakland,1,True,True,B,SIDE SWIPE,,Sunday,NotApplicable,False,M,,False,True,False,ALAMEDA SUPERIOR COURT WILEY W. MANUEL COURTHOUSE,C,OTHER MOTOR VEHICLE,,0,0,CLEAR,,NO UNUSUAL CONDITIONS,,D,DARK-NO STREET LIGHTS,37.794897,-122.266253,,,,,A,NO PEDESTRIANS INVOLVED,4/27/2025 2:50:00 AM,B,UNSAFE MERGE,,1,I-880 S/B,,,5/5/2025 4:59:54 PM,B,S,120.0,OAK ST,F,,D,5/5/2025 4:59:58 PM,5/5/2025 4:59:58 PM,False,True,4,,4/27/2025 5:00:00 AM,0500,False,,,True
4675852,9370-2025-01269,1,False,9370,4/26/2025 10:20:00 PM,2220,052,14,109,Oakland,1,True,True,E,HIT OBJECT,,Saturday,NotApplicable,False,,,False,True,True,ALAMEDA SUPERIOR COURT WILEY W. MANUEL COURTHOUSE,I,FIXED OBJECT,CONCRETE BARRIER,1,0,RAINING,,NO UNUSUAL CONDITIONS,,C,DARK-STREET LIGHTS,37.792049,-122.2035,,,,,A,NO PEDESTRIANS INVOLVED,4/26/2025 10:20:00 PM,A,VC 22350,False,1,I-580 E/B,,,5/5/2025 4:04:51 PM,B,E,2.0,35TH AVE,F,,D,5/5/2025 4:04:52 PM,5/5/2025 4:04:52 PM,False,True,4,,4/26/2025 10:24:00 PM,2224,False,,,True
4675677,9370-2025-01325,1,False,9370,4/25/2025 1:20:00 PM,1320,176,14,109,Oakland,1,True,True,C,REAR END,,Friday,NotApplicable,False,,,False,True,False,ALAMEDA SUPERIOR COURT WILEY W. MANUEL COURTHOUSE,C,OTHER MOTOR VEHICLE,,0,0,CLOUDY,RAINING,NO UNUSUAL CONDITIONS,,A,DAYLIGHT,37.773851,-122.229801,,,,,A,NO PEDESTRIANS INVOLVED,4/25/2025 1:20:00 PM,A,VC 22350,False,1,I-880 N/B,,,5/5/2025 2:07:56 PM,B,S,100.0,29TH AVE,F,,D,5/5/2025 2:07:58 PM,5/5/2025 2:07:58 PM,False,True,4,,4/25/2025 1:25:00 PM,1325,False,,,True
4675473,25-005683,1,False,0109,2/6/2025 2:35:00 AM,235,18X,14,109,Oakland,1,True,True,,,,Thursday,,,M,,False,False,False,,E,PARKED MOTOR VEHICLE,,0,0,CLEAR,,NO UNUSUAL CONDITIONS,,C,DARK-STREET LIGHTS,,,,,,,,,,A,22107,,1,E 21ST ST,1,,,A,W,200.0,23RD AV,F,,D,5/5/2025 12:29:14 PM,5/5/2025 12:29:14 PM,,,2,,,,,,,
4675469,9370-2025-01124,1,False,9370,4/14/2025 3:50:00 AM,350,052,14,109,Oakland,1,True,True,E,HIT OBJECT,,Monday,NotApplicable,False,,,False,True,False,ALAMEDA SUPERIOR COURT WILEY W. MANUEL COURTHOUSE,H,ANIMAL,DEER,0,0,CLEAR,,NO UNUSUAL CONDITIONS,,C,DARK-STREET LIGHTS,37.7629,-122.149887,,,,,A,NO PEDESTRIANS INVOLVED,4/14/2025 3:50:00 AM,C,,,,INTERSATE 580 EASTBOUND,,,5/5/2025 12:28:21 PM,A,W,500.0,98TH AVENUE,F,,D,5/5/2025 12:28:24 PM,5/5/2025 12:28:24 PM,False,True,4,,4/14/2025 4:10:00 AM,0410,False,,,True
4675461,25-005019,1,False,0109,2/1/2025 11:45:00 PM,2345,15X,14,109,Oakland,1,True,True,C,REAR END,,Saturday,,,,,False,False,False,,E,PARKED MOTOR VEHICLE,,0,0,RAINING,,NO UNUSUAL CONDITIONS,,C,DARK-STREET LIGHTS,,,,,,,A,NO PEDESTRIANS INVOLVED,,A,23152A,,1,WAYNE AV,1,,,B,S,40.0,STOWE AV,F,,D,5/5/2025 12:24:14 PM,5/5/2025 12:24:14 PM,,,2,,,,,,,
4675450,25-005029,1,False,0109,2/2/2025 1:28:00 AM,128,03X,14,109,Oakland,1,True,True,C,REAR END,,Sunday,,,M,,False,False,False,,E,PARKED MOTOR VEHICLE,,0,0,CLEAR,,NO UNUSUAL CONDITIONS,,C,DARK-STREET LIGHTS,,,,,,,A,NO PEDESTRIANS INVOLVED,,A,23152A,,1,BROADWAY,1,,,B,S,50.0,8TH ST,F,,A,5/5/2025 12:19:14 PM,5/5/2025 12:19:14 PM,,,2,,,,,,,
4675426,9370-2025-01187,1,False,9370,4/17/2025 9:30:00 PM,2130,053,14,109,Oakland,1,True,True,C,REAR END,,Thursday,Yes,False,,,False,True,True,ALAMEDA SUPERIOR COURT WILEY W. MANUEL COURTHOUSE,C,OTHER MOTOR VEHICLE,,1,0,CLEAR,,NO UNUSUAL CONDITIONS,,C,DARK-STREET LIGHTS,37.813044,-122.250765,,,,,A,NO PEDESTRIANS INVOLVED,4/17/2025 9:30:00 PM,A,VC 22350,False,1,INTERSTATE 580 E/B,,,5/5/2025 12:04:07 PM,A,E,1800.0,LAKESHORE AVE,F,,D,5/5/2025 12:04:09 PM,5/5/2025 12:04:09 PM,False,True,4,,4/17/2025 9:35:00 PM,2135,False,,,True
4675403,9370-2025-01188,1,False,9370,3/13/2025 7:00:00 AM,700,176,14,109,Oakland,1,True,True,C,REAR END,,Thursday,NotApplicable,False,M,,False,True,False,ALAMEDA SUPERIOR COURT WILEY W. MANUEL COURTHOUSE,C,OTHER MOTOR VEHICLE,,0,0,RAINING,,NO UNUSUAL CONDITIONS,,Late-ReportedA,DAYLIGHT,37.733691,-122.189863,,,,,A,NO PEDESTRIANS INVOLVED,3/13/2025 7:00:00 AM,A,VC 22350,False,1,I-880 N/B FROM 98TH AVE,,,5/5/2025 11:41:38 AM,B,N,727.0,98TH AVE,F,,A,5/5/2025 11:41:40 AM,5/5/2025 11:41:40 AM,False,True,4,,4/17/2025 7:05:00 AM,0705,False,,,True